epoch,stats_g/mean,stats_g/std,stats_o/mean,stats_o/std,test/episode,test/mean_Q,test/success_rate,train/episode,train/success_rate
0,-0.32022694,0.44686866,-0.13316873,0.426275,10.0,-2.857242,0.0,50.0,0.0,1,-0.3361325,0.44210878,-0.13480334,0.42033815,20.0,-5.0203366,0.0,100.0,0.0
2,-0.3388932,0.440462,-0.13213097,0.41911268,30.0,-7.273268,0.0,150.0,0.02
5000024214387,100.0,0.019999999552965164
2,-0.35007122,0.44427565,-0.15025643,0.41538167,30.0,-5.1226635,0.13750000204890966,150.0,0.065
