# {"t_start": 1616062804.0139933, "env_id": "dVRLPickPlaceTarget-v0"} 
r,l,t
-100.0,100,63.90335
-100.0,100,91.696518
-100.0,100,121.135082
-100.0,100,149.138368
-100.0,100,185.503454
-100.0,100,221.722456
-100.0,100,262.872871
-100.0,100,293.502845
-100.0,100,326.322362
-100.0,100,356.846345
-100.0,100,389.698339
-100.0,100,421.698824
-100.0,100,452.658364
-100.0,100,482.692242
-100.0,100,513.407301
-100.0,100,549.670447
