# {"t_start": 1616062800.7999651, "env_id": "dVRLPickPlaceTarget-v0"} 
r,l,t
-100.0,100,65.853339
-100.0,100,95.32479
-100.0,100,124.040962
-100.0,100,153.612442
-100.0,100,189.261076
-100.0,100,232.028996
-100.0,100,260.349604
-100.0,100,297.260405
-100.0,100,329.137321
-100.0,100,360.540864
-100.0,100,392.361364
-100.0,100,423.905798
-100.0,100,454.696311
-100.0,100,485.806529
-100.0,100,516.797223
-100.0,100,552.332837
