# {"t_start": 1616062805.1204743, "env_id": "dVRLPickPlaceTarget-v0"} 
r,l,t
-100.0,100,62.967897
-100.0,100,90.448641
-100.0,100,119.744252
-100.0,100,155.847929
-100.0,100,185.827873
-100.0,100,220.524013
-100.0,100,256.12794
-100.0,100,292.280122
-100.0,100,325.747958
-100.0,100,357.356804
-100.0,100,389.15297
-100.0,100,419.764166
-100.0,100,451.024827
-100.0,100,480.760472
-100.0,100,511.900717
-100.0,100,547.923931
