# {"t_start": 1616062800.9060104, "env_id": "dVRLPickPlaceTarget-v0"} 
r,l,t
-100.0,100,66.855092
-100.0,100,94.870646
-100.0,100,123.885034
-100.0,100,152.471335
-100.0,100,195.646287
-100.0,100,225.167186
-100.0,100,260.726317
-100.0,100,296.586385
-100.0,100,328.606317
-100.0,100,360.726557
-100.0,100,392.870318
-100.0,100,423.799114
-100.0,100,454.930545
-100.0,100,485.446448
-100.0,100,516.93039
-100.0,100,552.122429
