# {"t_start": 1616062801.0832686, "env_id": "dVRLPickPlaceTarget-v0"} 
r,l,t
-100.0,100,66.106102
-100.0,100,95.337138
-100.0,100,124.357185
-100.0,100,152.673084
-100.0,100,195.709164
-100.0,100,225.129099
-100.0,100,260.277819
-100.0,100,296.661145
-100.0,100,328.894767
-100.0,100,360.425653
-100.0,100,392.301764
-100.0,100,423.333864
-100.0,100,455.238755
-100.0,100,485.241055
-100.0,100,516.813044
-100.0,100,553.10521
