# {"t_start": 1616062800.5427258, "env_id": "dVRLPickPlaceTarget-v0"} 
r,l,t
-100.0,100,66.738771
-100.0,100,96.246083
-100.0,100,124.197813
-100.0,100,152.929949
-100.0,100,189.40573
-100.0,100,224.749161
-100.0,100,267.433957
-100.0,100,297.698505
-100.0,100,329.353729
-100.0,100,360.714929
-100.0,100,393.105934
-100.0,100,424.365837
-100.0,100,454.866977
-100.0,100,485.697675
-100.0,100,517.037894
-100.0,100,553.107055
