# {"t_start": 1616062801.9196622, "env_id": "dVRLPickPlaceTarget-v0"} 
r,l,t
-100.0,100,65.004674
-100.0,100,94.11713
-100.0,100,123.425653
-100.0,100,151.740737
-100.0,100,187.616936
-100.0,100,229.977616
-100.0,100,259.18579
-100.0,100,295.24281
-100.0,100,327.713082
-100.0,100,359.724895
-100.0,100,391.625104
-100.0,100,422.005442
-100.0,100,454.208681
-100.0,100,484.200679
-100.0,100,515.336627
-100.0,100,551.781081
