# {"t_start": 1616062800.1293864, "env_id": "dVRLPickPlaceTarget-v0"} 
r,l,t
-100.0,100,67.228076
-100.0,100,95.683739
-100.0,100,124.766961
-100.0,100,153.193691
-100.0,100,197.288095
-100.0,100,224.759976
-100.0,100,260.667525
-100.0,100,297.158273
-100.0,100,329.390983
-100.0,100,360.879491
-100.0,100,393.500359
-100.0,100,424.755882
-100.0,100,455.827067
-100.0,100,486.179907
-100.0,100,517.55748
-100.0,100,553.711583
