epoch,stats_g/mean,stats_g/std,stats_o/mean,stats_o/std,test/episode,test/mean_Q,test/success_rate,train/episode,train/success_rate
0,-0.30652764,0.43471622,-0.13540815,0.42548758,10.0,-1.9964306,0.0,20.0,0.0
1,-0.33349922,0.4421828,-0.1479055,0.42451134,20.0,-2.770357,0.0,40.0,0.0
2,-0.34086588,0.4436935,-0.1468626,0.4212729,30.0,-3.6492434,0.0,60.0,0.0062500000931322575
3,-0.3526332,0.44482598,-0.15281129,0.41971692,40.0,-4.5148787,0.0,80.0,0.0
