epoch,stats_g/mean,stats_g/std,stats_o/mean,stats_o/std,test/episode,test/mean_Q,test/success_rate,train/episode,train/success_rate
0,-0.32669684,0.43748954,-0.13767335,0.41771036,10.0,-2.9982681,0.0,50.0,0.009999999776482582,1,-0.3445524,0.43936646,-0.14396253,0.4145732,20.0,-4.5061445,0.06250000093132257,100.01,-0.3749642,0.44327612,-0.34543148,0.44141766,-0.14372829,0.41431874,30.0,-6.119458,0.05000000074505806,150.0,0.014999999664723873
